title;description;image;category;tag
Title 1;Description 2;Image1.png;1;1
Title 2;Description 3;Image1.png;2;2
Title 3;Description 4;Image1.png;3;3
Title 4;Description 5;Image1.png;4;4
Title 5;Description 6;Image1.png;5;5
Title 6;Description 7;Image1.png;6;6
Title 7;Description 8;Image1.png;7;7
Title 8;Description 9;Image1.png;8;8
Title 9;Description 10;Image1.png;9;9
Title 10;Description 11;Image1.png;10;10
Title 11;Description 12;Image1.png;11;11
Title 12;Description 13;Image1.png;12;12
Title 13;Description 14;Image1.png;13;13
Title 14;Description 15;Image1.png;14;14
Title 15;Description 16;Image1.png;15;15
Title 16;Description 17;Image1.png;16;16
Title 17;Description 18;Image1.png;17;17
Title 18;Description 19;Image1.png;18;18
Title 19;Description 20;Image1.png;19;19
Title 20;Description 21;Image1.png;20;20